original_archive_path,source_chats,status
/workspace/scratch/289abe85887d/Manhattan_Balanced_Hexagons.zip,01a0d852-26a4-76bf-ba08-aa33d93c8010,Referenced only; original archive bytes not recovered
/workspace/scratch/289abe85887d/Manhattan_Taxi_Regions_Local_Rule.zip,01a0d808-a970-7238-8525-0804b099e01b,Referenced only; original archive bytes not recovered
/workspace/scratch/289abe85887d/Manhattan_Vertex_Only_Execution.zip,01a0d852-26a4-76bf-ba08-aa33d93c8010,Referenced only; original archive bytes not recovered
/workspace/scratch/289abe85887d/downloads/Manhattan_Taxi_Regions.zip,01a0d808-a970-7238-8525-0804b099e01b,Referenced only; original archive bytes not recovered
/workspace/scratch/289abe85887d/recovery_later_compact/Manhattan_Later_Compact_Recovery.zip,01a0d852-26a4-76bf-ba08-aa33d93c8010; 01a0e44e-1809-75c3-80e7-f820bd866668; 01a0e456-753e-70bc-a6d0-6e3a62eb5039; 6ab6464f-3e98-83eb-bf91-8c62217f7c7f,Referenced only; original archive bytes not recovered
/workspace/scratch/289abe85887d/work/all_movable/All_Movable_Manhattan.zip,01a0d852-26a4-76bf-ba08-aa33d93c8010,Referenced only; original archive bytes not recovered
/workspace/scratch/289abe85887d/work/compact38/Compact38_Experiment.zip,01a0d852-26a4-76bf-ba08-aa33d93c8010,Referenced only; original archive bytes not recovered
/workspace/scratch/289abe85887d/work/four_compare/Manhattan_Comparison.zip,01a0d852-26a4-76bf-ba08-aa33d93c8010,Referenced only; original archive bytes not recovered
/workspace/scratch/289abe85887d/work/median100/Manhattan_100_Continuation_Checkpoint.zip,01a0d852-26a4-76bf-ba08-aa33d93c8010,Referenced only; original archive bytes not recovered
/workspace/scratch/289abe85887d/work/median38/New_Median_Hexagons.zip,01a0d852-26a4-76bf-ba08-aa33d93c8010,Referenced only; original archive bytes not recovered
/workspace/scratch/289abe85887d/work/rule2/Rule2_Manhattan_Reproducible.zip,01a0d852-26a4-76bf-ba08-aa33d93c8010,Referenced only; original archive bytes not recovered
/workspace/scratch/289abe85887d/work/rule2_convergence/Rule2_Continuation.zip,01a0d852-26a4-76bf-ba08-aa33d93c8010,Referenced only; original archive bytes not recovered
/workspace/scratch/289abe85887d/work/verified38/Verified_Manhattan_Boundary_Review.zip,01a0d852-26a4-76bf-ba08-aa33d93c8010,Referenced only; original archive bytes not recovered
/workspace/scratch/4d3dfe11ef35/outputs/Voronoi25_Experiment.zip,01a0e456-753e-70bc-a6d0-6e3a62eb5039,Referenced only; original archive bytes not recovered
/workspace/scratch/4d3dfe11ef35/outputs/Voronoi50_Experiment.zip,01a0e456-753e-70bc-a6d0-6e3a62eb5039,Referenced only; original archive bytes not recovered
/workspace/scratch/4d3dfe11ef35/outputs/Voronoi_600_Progress_Graphs.zip,01a0e456-753e-70bc-a6d0-6e3a62eb5039,Referenced only; original archive bytes not recovered
/workspace/scratch/4d3dfe11ef35/outputs/Voronoi_Density_Pareto_25_Rounds.zip,01a0e456-753e-70bc-a6d0-6e3a62eb5039,Referenced only; original archive bytes not recovered
/workspace/scratch/4d3dfe11ef35/outputs/Voronoi_Density_Pareto_50_Rounds.zip,01a0e456-753e-70bc-a6d0-6e3a62eb5039,Referenced only; original archive bytes not recovered
/workspace/scratch/4d3dfe11ef35/outputs/Voronoi_Depart_Insert_100.zip,01a0e456-753e-70bc-a6d0-6e3a62eb5039,Referenced only; original archive bytes not recovered
/workspace/scratch/4d3dfe11ef35/outputs/Voronoi_Depart_Insert_600.zip,01a0e456-753e-70bc-a6d0-6e3a62eb5039,Referenced only; original archive bytes not recovered
/workspace/scratch/4d3dfe11ef35/outputs/Voronoi_Free25Steps.zip,01a0e456-753e-70bc-a6d0-6e3a62eb5039,Referenced only; original archive bytes not recovered
/workspace/scratch/4d3dfe11ef35/outputs/Voronoi_Free50Steps.zip,01a0e456-753e-70bc-a6d0-6e3a62eb5039,Referenced only; original archive bytes not recovered
/workspace/scratch/4d3dfe11ef35/outputs/Voronoi_Fresh_25_Full_Rounds.zip,01a0e456-753e-70bc-a6d0-6e3a62eb5039,Referenced only; original archive bytes not recovered
/workspace/scratch/4d3dfe11ef35/outputs/Voronoi_Fresh_50_Full_Rounds.zip,01a0e456-753e-70bc-a6d0-6e3a62eb5039,Referenced only; original archive bytes not recovered
/workspace/scratch/4d3dfe11ef35/outputs/Voronoi_Relaxed_Round59.zip,01a0e456-753e-70bc-a6d0-6e3a62eb5039,Referenced only; original archive bytes not recovered
/workspace/scratch/4d3dfe11ef35/outputs/Voronoi_Relaxed_Stopped_Round58.zip,01a0e456-753e-70bc-a6d0-6e3a62eb5039,Referenced only; original archive bytes not recovered
/workspace/scratch/4d3dfe11ef35/outputs/Voronoi_Weighted_Batch1.zip,01a0e456-753e-70bc-a6d0-6e3a62eb5039,Referenced only; original archive bytes not recovered
/workspace/scratch/4d3dfe11ef35/outputs/Voronoi_Weighted_Stopped_Batch12.zip,01a0e456-753e-70bc-a6d0-6e3a62eb5039,Referenced only; original archive bytes not recovered
/workspace/scratch/4d3dfe11ef35/outputs/manually_stopped_round171.zip,01a0e456-753e-70bc-a6d0-6e3a62eb5039,Referenced only; original archive bytes not recovered
/workspace/scratch/4d3dfe11ef35/outputs/preflight_control_bundle.zip,01a0e456-753e-70bc-a6d0-6e3a62eb5039,Referenced only; original archive bytes not recovered
/workspace/scratch/68801b37c672/Manhattan_100_Balanced_Disks.zip,01a0d84a-91f3-76db-a78d-660b1b92c033,Referenced only; original archive bytes not recovered
/workspace/scratch/68801b37c672/Manhattan_100_Quiescence.zip,01a0d84a-91f3-76db-a78d-660b1b92c033,Referenced only; original archive bytes not recovered
/workspace/scratch/68801b37c672/Manhattan_Balanced_Disks_Local_Annealing.zip,01a0d84a-91f3-76db-a78d-660b1b92c033,Referenced only; original archive bytes not recovered
/workspace/scratch/68801b37c672/Manhattan_Bounded_Disks_Baseline.zip,01a0d84a-91f3-76db-a78d-660b1b92c033,Referenced only; original archive bytes not recovered
/workspace/scratch/68801b37c672/Manhattan_Nearest_Center_Fallback.zip,01a0d84a-91f3-76db-a78d-660b1b92c033; 6ab65841-8738-83eb-8a15-074307bafcbd,Referenced only; original archive bytes not recovered
/workspace/scratch/68801b37c672/Manhattan_Original_Local_Annealing.zip,01a0d84a-91f3-76db-a78d-660b1b92c033,Referenced only; original archive bytes not recovered
/workspace/scratch/68801b37c672/Manhattan_Project_Files.zip,01a0d84a-91f3-76db-a78d-660b1b92c033; 01a0d852-26a4-76bf-ba08-aa33d93c8010,Referenced only; original archive bytes not recovered
/workspace/scratch/68801b37c672/Manhattan_Ride_Allocation_Connected_Disks.zip,01a0d84a-91f3-76db-a78d-660b1b92c033; 01a0d852-26a4-76bf-ba08-aa33d93c8010,Referenced only; original archive bytes not recovered
/workspace/scratch/68801b37c672/NYC_Full_Rides_2015-01-15_0800_0900.zip,01a0d84a-91f3-76db-a78d-660b1b92c033; 01a0d852-26a4-76bf-ba08-aa33d93c8010,Referenced only; original archive bytes not recovered
/workspace/scratch/68801b37c672/downloads/Manhattan_Taxi_Regions.zip,01a0d84a-91f3-76db-a78d-660b1b92c033,Referenced only; original archive bytes not recovered
/workspace/scratch/68801b37c672/downloads/Manhattan_Taxi_Regions_Local_Rule.zip,01a0d84a-91f3-76db-a78d-660b1b92c033,Referenced only; original archive bytes not recovered
/workspace/scratch/68801b37c672/recovered_files/Manhattan_100_Balanced_Disks.zip,01a0d84a-91f3-76db-a78d-660b1b92c033,Referenced only; original archive bytes not recovered
/workspace/scratch/68801b37c672/recovered_files/Manhattan_Balanced_Disks_Local_Annealing.zip,01a0d84a-91f3-76db-a78d-660b1b92c033,Referenced only; original archive bytes not recovered
/workspace/scratch/68801b37c672/recovered_files/Manhattan_Balanced_Hexagons.zip,01a0d84a-91f3-76db-a78d-660b1b92c033,Referenced only; original archive bytes not recovered
/workspace/scratch/68801b37c672/recovered_files/Manhattan_Taxi_Regions.zip,01a0d84a-91f3-76db-a78d-660b1b92c033,Referenced only; original archive bytes not recovered
/workspace/scratch/68801b37c672/recovered_files/Manhattan_Taxi_Regions_Local_Rule.zip,01a0d84a-91f3-76db-a78d-660b1b92c033,Referenced only; original archive bytes not recovered
